index,Age Group,Gender,College Name,Degree ,Subject,Percent_10,Favorite_Subject_10,Marks_10,Percent_12,Favorite_Subject_12,Marks_12,CGPA,co-curricular activity,profession,preffed sector,Expected_salary,Age,Financially constrained,Family_income,Parent's occupation,Spending,parents_influence,friend_influence,mentor_influence,social_expectations,social_media_influence,personal_choice
0,20 - 22,m,st xaviers university,llb,constitutional matters,85.0,english,94.0,95.0,politicalscience,97.0,7.0,,lawyer,it secrtor,0.75,35.0,maybe,below 3 lakhs,Other,7.0,3,1,3,5,2,4
1,18 - 20,f,st xaviers college (autonomous),b com.,accountancy,95.0,mathematics,99.0,95.0,mathematics,99.0,8.0,nss,chartered accountant,corporate/private sector,12.0,27.0,no,10 - 12 lakhs,Private Job,8.0,1,1,1,3,2,5
2,18 - 20,f,st xaviers college (autonomous),b com.,accountancy,95.0,math,,95.0,,,6.0,nss,chartered accountant,corporate/private sector,12.5,25.5,maybe,10 - 12 lakhs,Teaching,6.0,2,3,2,4,3,5
3,18 - 20,f,sivnath sastri college,b com.,accountancy,85.0,mathematics,89.0,85.0,mathematics,80.0,8.0,dance,tax analyst,corporate/private sector,4.5,29.0,no,7 - 10 lakhs,Government Job,3.5,3,2,1,2,1,4
4,22 - 25,f,shri shikshayatan college,m com.,accountancy,75.0,english,70.0,75.0,businessstudies,77.0,0.0,painting ,professor,academia/education,4.0,25.0,no,below 3 lakhs,Retired,1.0,4,2,5,2,2,5
5,22 - 25,f,university of calcutta,m com.,accountancy,85.0,science,87.0,85.0,accountancy,92.0,8.0,karate,commercial undecideds,government/public sector,8.5,0.0,no,3 -  7  lakhs,Business,,2,1,3,1,1,5
7,18 - 20,m,the bhawanipur educational society college,b com.,accountancy,75.0,english,90.0,85.0,commerce,90.0,7.0,"football, cricket, event management ",accounts  finance manager,corporate/private sector,4.0,32.0,maybe,3 -  7  lakhs,Business,2.0,5,3,4,1,1,5
8,18 - 20,m,the bhawanipur educational society college,b com.,accountancy,65.0,pubg,3.0,85.0,costandtaxation,100.0,9.0,,house husband,others,,0.0,no,15 lakhs above,Engineering,,1,1,1,1,3,5
9,20 - 22,m,the bhawanipur educational society college,b com.,accountancy,95.0,economics,94.0,75.0,economics,82.0,6.0,no,entrepreneurship,corporate/private sector,12.0,26.0,maybe,7 - 10 lakhs,Government Job,4.5,4,3,5,1,1,3
10,20 - 22,m,st xaviers university,b com.,accountancy,85.0,geography,88.0,95.0,accounts,95.0,7.0,writing,entrepreneurship,government/public sector,12.0,25.0,maybe,7 - 10 lakhs,Business,3.0,1,1,1,1,1,1
11,20 - 22,m,sister nivedita university,b.sc / bs,agriculture,85.0,biology,91.0,75.0,biology,86.0,8.0,no,entrepreneurship,undecided,12.0,22.0,no,3 -  7  lakhs,Business,0.1,5,1,5,1,1,5
12,18 - 20,f,institute of engineering and management,bba,analytics,85.0,biology,97.0,75.0,biology,99.0,8.0,no,data analyst,,,0.0,maybe,3 -  7  lakhs,Unknown,,3,1,1,1,1,5
13,20 - 22,f,amity university,bfa,animation,65.0,,,55.0,,,6.0,not really ,artificial intelligence,it secrtor,10.0,27.0,yes,below 3 lakhs,Private Job,,5,3,5,1,4,4
14,18 - 20,f,sister nivedita university,ba,english,75.0,english,78.0,85.0,english,90.0,7.0,,professor,undecided,3.6,23.5,maybe,3 -  7  lakhs,Business,,3,1,1,1,1,4
15,18 - 20,f,st xaviers university,ba,psychology,85.0,english,92.0,95.0,psychology,94.0,0.0,ngos,psychologist,corporate/private sector,1.0,24.0,no,15 lakhs above,Business,10.0,1,1,1,5,5,5
16,20 - 22,m,techno international,b tech.,computer science - artificial intelligence and machine learning,85.0,computer,90.0,85.0,mathematics,85.0,7.0,yea currently am working under traffic management system using ai,web developer,it secrtor,6.0,50.0,no,3 -  7  lakhs,Legal Sector,5.0,3,4,5,3,5,2
17,22 - 25,m,techno india university,b tech.,electronics and instrumentation engineering,95.0,physics,89.0,85.0,physics,86.0,7.0,gaming club head; footballer,undecided,corporate/private sector,7.0,27.0,maybe,below 3 lakhs,Retired,20.0,4,4,4,3,4,2
18,20 - 22,f,techno india university,b tech.,food technology,85.0,maths,87.0,85.0,biology,88.0,7.0,football ,food technologist,corporate/private sector,6.5,25.0,no,12 - 15 lakhs,Government Job,7.0,5,1,3,5,5,1
19,18 - 20,m,sister nivedita university,ba,english,95.0,english,90.0,75.0,english,80.0,6.0,used to play football for school team,entrepreneurship,undecided,4.8,24.5,maybe,below 3 lakhs,Teaching,,3,1,1,1,1,4
21,22 - 25,f,university of calcutta,llb,,95.0,biology,96.0,85.0,economics,98.0,9.0,,cs,corporate/private sector,4.5,30.0,no,3 -  7  lakhs,Business,2.5,4,5,1,3,2,5
22,20 - 22,f,amity university,ba,political science,85.0,english,82.0,85.0,sociology,85.0,8.0,yoga,researcher,government/public sector,0.5,27.0,yes,3 -  7  lakhs,Government Job,,4,4,4,3,5,5
23,20 - 22,m,calcutta school of tropical medicine,b.sc / bs,medical laboratory technology,95.0,civics,96.0,95.0,mathematics,98.0,7.0,no,researcher,government/public sector,3.0,35.0,no,3 -  7  lakhs,Business,10.0,5,1,4,5,1,5
24,18 - 20,m,institute of engineering and management,bba,,95.0,geography,97.0,75.0,costingandtaxation,90.0,8.0,no,entrepreneurship,corporate/private sector,8.5,28.0,yes,7 - 10 lakhs,Business,6.0,3,2,3,4,3,2
25,18 - 20,f,sister nivedita university,ba,english,65.0,lifescience,76.0,75.0,english,72.0,6.0,no,chartered accountant,corporate/private sector,2.75,22.0,maybe,below 3 lakhs,Business,,4,3,3,3,2,3
26,18 - 20,m,institute of engineering and management,b tech.,electronics and communication,75.0,mathematics,97.0,75.0,computerscience,88.0,0.0,football,software development engineer,it secrtor,8.0,30.0,no,15 lakhs above,Retired,20.0,1,1,1,5,1,3
28,20 - 22,f,institute of engineering and management,bba,finance,85.0,mathematics,96.0,95.0,accountancy,92.0,9.0,,accountent,it secrtor,3.35,22.0,yes,3 -  7  lakhs,Business,4.0,1,1,1,2,3,2
29,18 - 20,f,techno india university,bba,management,65.0,english,84.0,85.0,history,88.0,0.0,dance,human resource,corporate/private sector,4.0,25.0,no,10 - 12 lakhs,Government Job,3.5,5,4,4,1,1,1
31,18 - 20,f,sivnath sastri college,b com.,,75.0,bengali,86.0,95.0,accountancy,96.0,7.0,,chartered accountant,corporate/private sector,6.5,25.0,yes,3 -  7  lakhs,Business,5.0,4,4,5,3,3,3
33,20 - 22,m,kusum devi sunderlal dugar jain dental college,bds,biology dental,95.0,mathematics,96.0,75.0,biology,75.0,0.0,,doctor,undecided,1.2,30.0,maybe,3 -  7  lakhs,Government Job,10.0,3,3,3,3,3,3
34,20 - 22,m,netaji subhash engineering college,b tech.,biomedical engineering,95.0,chemistry,98.0,85.0,chemistry,80.0,8.0,"mma, athletes, marathons, debate",entrepreneurship,academia/education,10.0,30.0,no,15 lakhs above,Teaching,20.0,1,1,1,1,5,5
35,20 - 22,m,sister nivedita university,b.sc / bs,biotechnology,95.0,mathematics,100.0,85.0,biology,88.0,7.0,guitarist,professor,government/public sector,15.0,26.0,yes,15 lakhs above,Government Job,4.0,4,4,3,3,3,3
36,18 - 20,f,adamas university,b tech.,biotechnology,95.0,mathematics,99.0,85.0,mathematics,92.0,9.0,"drawing, drawing, singing ",biotech industry,healthcare sector,3.0,25.0,yes,below 3 lakhs,Legal Sector,4.0,4,2,3,1,2,4
37,20 - 22,m,brainware university,b tech.,computer science engineering,85.0,mathematics,96.0,85.0,python,95.0,8.0,no,entrepreneurship,it secrtor,4.5,23.0,maybe,10 - 12 lakhs,Business,,5,3,2,1,4,5
38,18 - 20,m,coochbehar government engineering college,b tech.,electronics and communication,95.0,history,98.0,95.0,computerscience,100.0,8.0,"yes, debate, quiz, newspaper, etc. ",entrepreneurship,corporate/private sector,8.0,25.0,maybe,3 -  7  lakhs,Teaching,1.0,4,4,3,3,3,4
39,18 - 20,f,techno international,b tech.,computer science and business system,85.0,bengali,95.0,85.0,chemistry,89.0,7.0,"yes , dance",software development engineer,corporate/private sector,5.0,30.0,yes,10 - 12 lakhs,Government Job,6.5,4,3,2,3,3,3
40,18 - 20,f,techno international,b tech.,computer science and business system,85.0,math,80.0,95.0,chemistry,98.0,7.0,dance,entrepreneurship,it secrtor,5.0,22.0,maybe,below 3 lakhs,Business,2.0,4,4,4,4,3,3
42,18 - 20,f,techno international,b tech.,computer,85.0,mathematics,81.0,85.0,mathematics,89.0,7.0,no,cyber security,it secrtor,6.0,30.0,yes,3 -  7  lakhs,Government Job,4.0,3,3,5,3,5,5
43,20 - 22,m,netaji subhash engineering college,bca,computer application,85.0,science,85.0,75.0,science,80.0,7.0,football ,modeling,it secrtor,5.5,28.0,no,10 - 12 lakhs,Business,10.0,3,1,3,3,3,3
45,20 - 22,f,the heritage academy,bca,computer application,65.0,history,70.0,85.0,computerapplication,99.0,7.0,sarang welfare society ,web developer,corporate/private sector,19.0,25.0,maybe,15 lakhs above,Unknown,1.092,5,4,5,2,1,3
46,18 - 20,f,dayananda sagar college of engineering,b tech.,computer science engineering,75.0,english,92.0,75.0,english,87.0,0.0,,mba,corporate/private sector,15.0,24.0,maybe,10 - 12 lakhs,Government Job,5.0,3,4,2,3,2,4
47,20 - 22,m,institute of engineering and management,b tech.,computer science engineering,85.0,mathematics,96.0,85.0,computer,87.0,7.0,swimming ,software development engineer,it secrtor,5.0,32.5,no,12 - 15 lakhs,Private Job,,1,1,1,4,5,5
48,20 - 22,m,institute of engineering and management,b tech.,computer science engineering,95.0,computer,93.0,85.0,computer,97.0,8.0,reading,cyber security,it secrtor,5.5,30.0,maybe,7 - 10 lakhs,Government Job,7.0,4,4,2,1,3,5
49,18 - 20,m,amity university,b tech.,computer science engineering,95.0,applications,97.0,95.0,computerscience,97.0,8.0,basketball,entrepreneurship,it secrtor,12.0,25.0,yes,3 -  7  lakhs,Government Job,10.0,3,2,4,3,4,4
50,18 - 20,f,techno india university,b tech.,computer science engineering,95.0,mathematics,97.0,85.0,english,93.0,9.0,no,engineer,it secrtor,8.5,0.0,no,3 -  7  lakhs,Teaching,,3,3,3,3,2,3
51,18 - 20,m,institute of engineering and management,b tech.,computer science engineering,95.0,sst,95.0,75.0,english,92.0,0.0,no,investment banker,undecided,6.5,40.0,maybe,3 -  7  lakhs,Other,10.0,5,1,1,3,1,3
52,18 - 20,m,university of engineering and management,b tech.,computer science engineering,95.0,computerapplications,98.0,95.0,computerapplications,100.0,9.0,,software development engineer,it secrtor,9.0,25.0,no,3 -  7  lakhs,Business,15.0,2,3,4,2,3,4
53,18 - 20,m,university of engineering and management,b tech.,computer science engineering,85.0,mathematics,97.0,75.0,biology,85.0,0.0,sport ,artificial intelligence,it secrtor,10.0,24.0,maybe,below 3 lakhs,Business,6.0,4,4,5,5,3,4
54,20 - 22,f,techno international,b tech.,computer science engineering,75.0,geography,80.0,75.0,chemistry,85.0,6.0,dance ,software development engineer,it secrtor,5.5,0.0,maybe,10 - 12 lakhs,Business,10.0,5,3,5,5,5,1
55,18 - 20,m,institute of engineering and management,b tech.,computer science engineering,95.0,computerapplication,99.0,95.0,computerscience,99.0,9.0,"hackathons , fest managments",artificial intelligence,corporate/private sector,15.0,25.0,maybe,7 - 10 lakhs,Business,15.0,4,3,4,4,2,5
57,18 - 20,m,jis university,b tech.,computer science engineering,85.0,computer,94.0,75.0,computer,92.0,8.0,no,artificial intelligence,it secrtor,5.0,25.0,maybe,3 -  7  lakhs,Engineering,6.0,2,3,4,5,4,5
58,20 - 22,f,dr sudhir chandra sur institute of technology and sports complex,b tech.,computer science engineering,85.0,science,94.0,85.0,biology,96.0,8.0,dance.,web developer,it secrtor,5.0,24.0,maybe,3 -  7  lakhs,Government Job,4.0,1,3,4,1,1,1
59,20 - 22,m,institute of engineering and management,b tech.,computer science engineering,95.0,maths,97.0,85.0,english,91.0,9.0,,artist,corporate/private sector,,30.0,yes,7 - 10 lakhs,Government Job,,1,1,1,3,3,1
60,20 - 22,m,techno india university,b tech.,computer science engineering,95.0,mathematics,98.0,95.0,,,8.0,"dance, acting, football",actor,creative fields,,0.0,yes,7 - 10 lakhs,Government Job,6.0,5,5,2,5,5,1
61,18 - 20,m,amity university,b.sc / bs,⁠computer science - data science ,95.0,maths,95.0,85.0,maths,92.0,9.0,cricket ,data analyst,it secrtor,8.5,24.0,no,15 lakhs above,Unknown,,5,5,5,4,4,5
62,20 - 22,m,indian institutes of technology madras,b.sc / bs,⁠computer science - data science ,85.0,informationtechnology,85.0,85.0,english,84.0,7.0,,entrepreneurship,corporate/private sector,10.0,23.0,maybe,below 3 lakhs,Business,5.0,2,1,5,2,2,4
63,18 - 20,m,nshm knowledge campus,b.sc / bs,⁠computer science - data science ,85.0,mathematics,94.0,85.0,mathematics,89.0,7.0,"yes, music ",data analyst,it secrtor,4.5,25.0,maybe,3 -  7  lakhs,Business,4.5,3,3,3,4,5,5
64,18 - 20,m,techno india university,b.sc / bs,data visualization,65.0,computer,82.0,75.0,economics,85.0,7.0,no,researcher,corporate/private sector,1.0,25.0,no,3 -  7  lakhs,Government Job,1.0,3,4,3,2,2,5
65,18 - 20,m,maulana azad college,b com.,economics,85.0,bengali,85.0,75.0,english,75.0,5.0,no,watchman,others,15.0,19.0,no,below 3 lakhs,Unknown,1.0,1,1,1,1,1,1
66,20 - 22,f,st pauls cathedral mission college,b.sc / bs,economics,85.0,maths,85.0,85.0,economics,92.0,8.0,swimming,researcher,undecided,10.0,0.0,maybe,3 -  7  lakhs,Government Job,1.0,5,3,4,3,4,4
67,20 - 22,f,presidency university,b.sc / bs,economics,95.0,hindi,98.0,95.0,mathematics,96.0,7.0,badminton ,researcher,undecided,9.0,24.0,no,7 - 10 lakhs,Government Job,5.0,4,2,2,3,4,4
68,18 - 20,m,maulana azad college,b.sc / bs,economics,95.0,economics,98.0,95.0,economics,96.0,8.0,football ,undecided,undecided,,26.0,no,10 - 12 lakhs,Government Job,2.0,3,5,4,2,1,2
69,20 - 22,f,iiest shibpur,b tech.,electrical engineering,95.0,mathematics,100.0,95.0,maths,100.0,8.0,,entrepreneurship,corporate/private sector,20.0,28.0,yes,15 lakhs above,Business,15.0,5,2,5,5,3,1
70,18 - 20,m,institute of engineering and management,b tech.,electronics and communication,95.0,mathematics,94.0,95.0,mathematics,100.0,9.0,,researcher,it secrtor,6.0,24.0,maybe,3 -  7  lakhs,Government Job,10.0,4,4,3,2,3,3
72,20 - 22,m,swami vivekanand institute of science and technology,b tech.,electronics and communication,95.0,biology,92.0,85.0,biology,91.0,7.0,singing ,web developer,it secrtor,4.0,26.0,yes,below 3 lakhs,Business,4.0,4,3,2,4,5,2
74,18 - 20,m,jadavpur university,b tech.,,95.0,biology,97.0,85.0,bio,97.0,6.0,"music,acting",engineeringmodel,corporate/private sector,10.0,26.0,no,10 - 12 lakhs,Homemaker,,3,4,2,3,3,3
75,20 - 22,f,sister nivedita university,ma,english,55.0,english,82.0,65.0,english,72.0,8.0,no,professor,academia/education,3.5,28.5,maybe,below 3 lakhs,Business,,1,1,1,5,1,5
76,20 - 22,f,sister nivedita university,ba,english,85.0,science,80.0,75.0,english,80.0,8.0,no,professor,corporate/private sector,3.5,25.0,yes,3 -  7  lakhs,Other,2.0,5,1,2,5,2,3
77,20 - 22,m,university of calcutta,ma,english,85.0,geography,91.0,95.0,biology,96.0,7.0,"martial arts- karate, french language ",undecided,corporate/private sector,0.23,32.5,no,3 -  7  lakhs,Retired,10.0,3,1,5,1,1,5
78,20 - 22,m,sister nivedita university,ba,english,95.0,mathematics,96.0,75.0,english,82.0,7.0,"music, dance, acting ",actor,corporate/private sector,5.5,25.0,no,7 - 10 lakhs,Business,4.5,4,5,4,4,1,4
80,20 - 22,f,sister nivedita university,ba,english,55.0,english,57.0,65.0,english,64.0,4.0,no,entrepreneurship,corporate/private sector,0.5,25.0,maybe,7 - 10 lakhs,Business,3.0,3,3,3,3,3,3
81,20 - 22,f,gokhale memorial girls college,ba,english,95.0,english,98.0,95.0,english,96.0,7.0,dancing and singing,investment banker,it secrtor,3.9,28.0,yes,15 lakhs above,Other,0.0,3,1,1,4,1,3
83,20 - 22,f,sister nivedita university,ma,english,75.0,english,81.0,75.0,english,87.0,6.0,dance ,chartered accountant,n.q.,6.0,28.0,no,3 -  7  lakhs,Finance,1.0,5,5,5,4,4,5
84,20 - 22,f,sister nivedita university,ma,english,75.0,english,82.0,85.0,english,88.0,6.0,no,professor,it secrtor,13.0,25.0,no,below 3 lakhs,Business,2.0,5,1,2,3,2,4
85,18 - 20,m,techno international,b tech.,english,85.0,math,98.0,75.0,biology,74.0,7.0,yes .... guiterist ,software development engineer,it secrtor,5.0,21.0,maybe,10 - 12 lakhs,Business,8.0,4,1,2,5,3,4
86,18 - 20,f,sister nivedita university,ba,english,75.0,english,68.0,65.0,english,65.0,5.0,no,professor,corporate/private sector,2.0,23.0,maybe,3 -  7  lakhs,Business,7.5,5,1,4,4,5,4
87,20 - 22,f,sister nivedita university,ba,english,55.0,english,56.0,75.0,english,82.0,6.0,dancing ,chartered accountant,corporate/private sector,5.0,25.5,maybe,7 - 10 lakhs,Government Job,2.5,1,5,1,3,5,5
88,20 - 22,f,jadavpur university,ba,english,95.0,biology,96.0,85.0,biology,93.0,7.0,"recitation, chess and drama",professor,it secrtor,18.0,25.0,no,12 - 15 lakhs,Government Job,10.0,2,3,3,3,3,4
89,18 - 20,f,jadavpur university,ba,english,95.0,biology,100.0,95.0,mathematics,95.0,7.0,painting ,entrepreneurship,corporate/private sector,9.0,32.0,maybe,3 -  7  lakhs,Business,3.5,3,3,3,3,3,4
90,22 - 25,f,maharaja manindra chandra college,ba,english,95.0,english,96.0,95.0,english,94.0,7.0,kabaddi ,data analytics,corporate/private sector,10.0,28.0,no,15 lakhs above,Retired,4.0,5,5,5,1,1,5
91,18 - 20,o,jadavpur university,ba,english,95.0,biology,100.0,95.0,psychology,98.0,6.0,music/writing ,undecided,government/public sector,4.0,27.0,maybe,3 -  7  lakhs,Government Job,1.0,3,2,4,3,4,5
92,18 - 20,f,jadavpur university,ba,english,85.0,english,90.0,95.0,english,100.0,7.0,i'm fond of writing poems,chartered accountant,corporate/private sector,1.8,26.0,maybe,below 3 lakhs,Government Job,5.0,3,2,2,1,1,5
93,18 - 20,f,st xaviers university,ba,english,95.0,english,85.0,85.0,english,85.0,0.0,football,sports,government/public sector,9.0,26.5,yes,15 lakhs above,Government Job,,1,4,2,5,4,2
94,18 - 20,f,parul university,bdes,fashion designing,75.0,science,75.0,85.0,commercialart,100.0,0.0,"sports,editing,photography",fashion designing,corporate/private sector,1.5,26.0,maybe,10 - 12 lakhs,Teaching,12.0,4,3,4,3,2,4
95,20 - 22,f,institute of engineering and management,bba,finance,85.0,mathematics,99.0,75.0,economics,80.0,9.0,content writing ,financial services,government/public sector,3.5,28.0,maybe,10 - 12 lakhs,Government Job,10.0,4,1,3,4,2,2
96,20 - 22,m,the bhawanipur educational society college,b com.,finance,85.0,economics,89.0,85.0,economics,92.0,6.0,playing cricket ,cost  management accountant,corporate/private sector,9.0,25.0,yes,3 -  7  lakhs,Business,3.0,4,3,2,2,1,5
97,20 - 22,m,university of engineering and management,bba,finance,85.0,commerce,85.0,75.0,commerce,82.0,9.0,,financial position,it secrtor,3.9,30.0,maybe,below 3 lakhs,Business,,4,4,4,2,3,4
98,20 - 22,m,heritage college,b com.,finance,95.0,economics ,,85.0,,,7.0,,chattered accountant,undecided,,25.0,maybe,10 - 12 lakhs,Business,,3,1,2,1,1,4
99,20 - 22,m,university of calcutta,b com.,finance,85.0,mathematics,,85.0,,,7.0,social justice club and event organizing ,accountingaudit and taxation,corporate/private sector,8.0,0.0,no,10 - 12 lakhs,Government Job,13.5,3,3,4,4,2,3
100,18 - 20,m,seth anandaram jaipuria,b com.,accountancy,75.0,sst,79.0,95.0,bst,100.0,8.0,football ,entrepreneurship,corporate/private sector,4.0,32.0,yes,below 3 lakhs,Unknown,1.0,1,1,1,1,1,3
101,20 - 22,m,vivekananda college thakurpukur,b.sc / bs,geography,75.0,geography,80.0,95.0,geography,99.0,7.0,,gis analyst,government/public sector,2.5,28.0,no,below 3 lakhs,Retired,7.5,1,1,2,1,1,5
103,20 - 22,f,jadavpur university,b.sc / bs,geography,95.0,geography,99.0,95.0,chemistry,99.0,7.0,dancing ,administration,adminstative sector,6.0,30.0,no,7 - 10 lakhs,Teaching,2.5,1,2,3,4,2,5
104,18 - 20,f,loreto college,ba,history,95.0,history,93.0,95.0,history,100.0,6.0,"music, dance, fashion, head of a college society currently",administration,government/public sector,1.0,25.0,maybe,below 3 lakhs,Business,,5,5,5,4,2,5
105,20 - 22,m,institute of engineering and management,bba,human resource,75.0,geography ,,85.0,,,9.0,football team captain ,entrepreneurship,others,5.5,30.0,no,15 lakhs above,Business,10.0,4,4,4,4,4,4
106,20 - 22,m,institute of engineering and management,b tech.,information technology,95.0,computerscience,100.0,95.0,computerscience,95.0,9.0,"cycling, swimming, ngo activities",software development engineer,it secrtor,5.0,27.0,yes,7 - 10 lakhs,Engineering,2.0,3,1,4,1,1,5
107,18 - 20,m,st thomas college of engineering and technology,b tech.,information technology,95.0,mathematics,100.0,85.0,science,97.0,8.0,,software development engineer,it secrtor,8.5,35.0,no,15 lakhs above,Private Job,4.5,4,2,1,3,4,5
108,20 - 22,m,st thomas college of engineering and technology,b tech.,information technology,85.0,mathematics,94.0,85.0,mathematics,93.0,8.0,,software development engineer,it secrtor,8.0,35.0,maybe,3 -  7  lakhs,Retired,5.0,3,4,4,1,1,4
109,18 - 20,f,st xaviers college (autonomous),msc / ms,integrated msc in biotechnology,95.0,chemistry,89.0,95.0,biology,92.0,8.0,dance,researcher,government/public sector,10.0,25.0,no,3 -  7  lakhs,Business,1.0,4,2,5,4,3,5
110,18 - 20,f,shri shikshayatan college,ba,journalism and mass communication,85.0,english,85.0,85.0,english,89.0,7.0,theatre ,journalist,corporate/private sector,2.0,30.0,maybe,3 -  7  lakhs,Government Job,1.0,1,1,1,1,1,5
111,18 - 20,m,heritage law college,llb,,85.0,bst,89.0,85.0,economics,85.0,7.0,"debate club , moot court ",lawyer,it secrtor,0.03,30.0,no,7 - 10 lakhs,Business,,1,1,1,1,1,5
112,18 - 20,f,calcutta girls high college,llb,,95.0,english,96.0,95.0,english,96.0,9.0,"yes, debates and moot courts.",lawyer,corporate/private sector,12.0,32.0,maybe,3 -  7  lakhs,Business,3.5,5,2,5,5,4,5
113,20 - 22,f,st xaviers university,llb,,95.0,mathematics,96.0,95.0,mathematics,95.0,7.0,"singing, recitation, painting",lawyer,corporate/private sector,10.0,25.0,no,15 lakhs above,Legal Sector,10.0,3,1,1,2,1,5
115,18 - 20,f,the west bengal national university of juridical sciences,llb,,95.0,english,90.0,85.0,english,96.0,7.0,dance,lawyer,corporate/private sector,12.0,24.0,no,15 lakhs above,Teaching,8.5,1,1,1,1,1,5
116,18 - 20,m,st xaviers university,llb,,95.0,physics,97.0,85.0,englishliterature,90.0,7.0,playing piano,lawyer,undecided,,35.0,no,7 - 10 lakhs,Engineering,,1,1,1,5,1,5
117,18 - 20,m,st xaviers university,llb,,75.0,politicalscience,82.0,85.0,economics,88.0,7.0,no,litigation,government/public sector,6.5,30.0,no,15 lakhs above,Legal Sector,10.0,5,2,3,5,4,4
118,20 - 22,f,st xaviers university,llb,,85.0,english,92.0,75.0,polsc,89.0,7.0,dancing ,judiciary,judiciary ,20.0,25.0,no,12 - 15 lakhs,Legal Sector,15.0,5,1,2,2,1,5
120,18 - 20,f,jogesh chandra chowdhury law college,llb,,65.0,geography,75.0,85.0,politicalscience,99.0,7.0,,lawyer,government/public sector,2.0,25.0,yes,3 -  7  lakhs,Government Job,1.0,5,5,3,1,1,4
121,18 - 20,f,presidency university,b.sc / bs,life sciences,95.0,maths,100.0,95.0,psychology,100.0,10.0,"dancing, drama",researcher,government/public sector,,30.0,yes,3 -  7  lakhs,Private Job,1.0,1,2,2,2,4,5
122,20 - 22,f,presidency university,b.sc / bs,life sciences,85.0,biology,85.0,95.0,biology,99.0,7.0,"dance , painting , drama ",entrepreneurship,corporate/private sector,11.0,26.5,maybe,12 - 15 lakhs,Government Job,20.0,5,5,4,5,1,5
123,18 - 20,m,presidency university,b.sc / bs,life sciences,95.0,science,99.0,95.0,biology,94.0,8.0,"creative writing, anchoring, recitation ",animal biologist,academia/education,,25.0,no,3 -  7  lakhs,Government Job,3.0,3,4,5,3,2,5
124,20 - 22,f,presidency university,b.sc / bs,life sciences,95.0,biology,98.0,95.0,biology,95.0,8.0,painting ,marine biologist,it secrtor,9.6,30.5,no,12 - 15 lakhs,Government Job,3.0,3,1,1,2,5,5
126,18 - 20,f,indian institute of science education and research kolkata,bsms,physics,95.0,english,97.0,85.0,bengali,92.0,8.0,cultural activities(drama and recitation) and sports: football mainly,professor,corporate/private sector,9.5,29.5,maybe,7 - 10 lakhs,Government Job,5.5,4,2,4,5,4,1
127,20 - 22,m,institute of engineering and management,bba,management,55.0,history ,,85.0,costingandtaxation,97.0,8.0,,marketing manager,corporate/private sector,5.0,25.0,no,10 - 12 lakhs,Other,8.0,3,1,1,2,3,3
128,20 - 22,f,university of engineering and management,bba,management,85.0,mathematics,96.0,65.0,mathematics,68.0,9.0,leadership roles,data analyst,it secrtor,3.5,25.0,yes,7 - 10 lakhs,Business,4.0,3,3,1,2,4,2
129,20 - 22,m,institute of engineering and management,bba,management,75.0,maths,96.0,85.0,computerscience,97.0,9.0,graphics designer ,entrepreneurship,undecided,4.0,30.0,yes,10 - 12 lakhs,Other,20.0,3,3,2,1,2,4
130,20 - 22,m,dr shyamaprasad mukherjee college,b com.,marketing,85.0,commerce,80.0,75.0,commerce,85.0,6.0,no,entrepreneurship,undecided,2.0,28.0,yes,7 - 10 lakhs,Business,2.0,1,1,1,1,1,2
131,18 - 20,f,institute of engineering and management,bba,marketing,85.0,english,85.0,85.0,english,90.0,8.0,,graphics designing,undecided,5.0,25.0,no,12 - 15 lakhs,Business,2.0,3,3,3,3,3,3
132,20 - 22,f,st xaviers university,bba,marketing,85.0,history,97.0,95.0,businessstudies,96.0,7.0,not really at present,entrepreneurship,corporate/private sector,2.04,33.0,no,3 -  7  lakhs,Business,15.0,5,4,3,3,4,2
133,18 - 20,m,asutosh college,ba,mass com,55.0,english,91.0,75.0,bstd,82.0,6.0,"football, anchoring ",entrepreneurship,government/public sector,11.5,24.0,maybe,7 - 10 lakhs,Government Job,,1,3,1,5,4,4
134,20 - 22,m,techno india university,b tech.,mathematics,85.0,biology,89.0,85.0,computer,92.0,7.0,no,entrepreneurship,government/public sector,12.0,25.0,no,10 - 12 lakhs,Other,1.0,3,2,4,4,2,2
135,20 - 22,f,sister nivedita university,b.sc / bs,mathematics,85.0,mathematics,91.0,85.0,mathematics,93.0,8.0,painting ,chartered accountant,corporate/private sector,1.8,23.5,maybe,3 -  7  lakhs,Retired,3.5,1,1,2,1,1,5
136,20 - 22,f,narasinha dutt college,b.sc / bs,mathematics,85.0,geography,95.0,75.0,mathematics,63.0,6.0,singing ,chartered accountant,government/public sector,6.0,24.0,yes,below 3 lakhs,Retired,1.5,4,4,2,3,1,5
137,20 - 22,f,acharya jagadish chandra bose college,b.sc / bs,mathematics,85.0,bengali,85.0,85.0,bengali,94.0,6.0,singing ,researcher,it secrtor,9.0,25.0,maybe,3 -  7  lakhs,Private Job,4.5,5,4,5,1,5,5
138,20 - 22,m,acharya jagadish chandra bose college,b.sc / bs,mathematics,75.0,science,80.0,85.0,biology,86.0,7.0,,data analyst,government/public sector,10.0,25.0,yes,7 - 10 lakhs,Business,4.0,5,1,1,5,1,3
139,18 - 20,f,jadavpur university,b.sc / bs,mathematics,85.0,mathematics,99.0,85.0,mathematics,99.0,8.0,no,banker,government/public sector,10.0,25.0,no,3 -  7  lakhs,Finance,2.0,5,5,5,1,4,5
140,22 - 25,f,scottish church college,b.sc / bs,mathematics,95.0,mathematics,99.0,95.0,mathematics,100.0,7.0,"dancing, recitation, drawing ",researcher,it secrtor,15.0,25.0,maybe,3 -  7  lakhs,Government Job,5.0,2,2,4,1,3,4
141,18 - 20,m,netaji subhash engineering college,b tech.,mathematics,95.0,,,85.0,,,7.0,yes,software development engineer,it secrtor,5.5,30.0,yes,below 3 lakhs,Government Job,,5,3,3,5,4,3
142,22 - 25,m,institute of business management,mba,finance,85.0,science,95.0,55.0,biology,75.0,0.0,na,entrepreneurship,government/public sector,7.5,30.0,no,3 -  7  lakhs,Retired,4.0,5,5,5,1,2,5
143,18 - 20,f,kusum devi sunderlal dugar jain dental college,bds,,95.0,biology,94.0,85.0,biology,80.0,0.0,dance,doctor,government/public sector,4.2,27.0,maybe,3 -  7  lakhs,Business,15.0,5,4,4,3,5,5
144,20 - 22,m,vijaygarh jyotish ray college,msc / ms,microbiology,95.0,science,93.0,85.0,chemistry,75.0,8.0,event management & speaker,professor,academia/education,10.0,28.0,no,3 -  7  lakhs,Business,3.5,1,1,4,2,1,4
145,18 - 20,f,tara devi harakh chand kankaria jain college,b.sc / bs,microbiology,95.0,biology,100.0,95.0,psychology,100.0,8.0,,forensic microbiologist,government/public sector,2.0,24.5,yes,7 - 10 lakhs,Private Job,1.5,5,1,5,4,2,5
146,18 - 20,m,st pauls cathedral mission college,b.sc / bs,microbiology,85.0,mathematics,96.0,95.0,math,85.0,6.0,football,microbiologist,govt. sector,6.0,24.0,no,3 -  7  lakhs,Government Job,1.0,1,1,2,5,1,4
147,20 - 22,m,gurudas college,b.sc / bs,microbiology,85.0,history,82.0,75.0,biology,80.0,6.0,,microbiologist,government/public sector,3.5,40.0,no,below 3 lakhs,Business,20.0,5,1,5,5,5,5
148,18 - 20,f,gurudas college,b.sc / bs,microbiology,85.0,biology,90.0,85.0,biology,86.0,0.0,"yes, drawing",researcher,government/public sector,6.0,0.0,yes,3 -  7  lakhs,Health Sector,1.0,5,1,3,1,5,5
149,18 - 20,f,tara devi harakh chand kankaria jain college,b.sc / bs,microbiology,85.0,biology,97.0,85.0,biology,90.0,6.0,karate,professor,government/public sector,3.0,26.0,no,3 -  7  lakhs,Finance,,2,1,5,1,1,5
150,18 - 20,m,govt college of engineering and leather technology,b tech.,,95.0,mathematics,97.0,85.0,mathematics,93.0,0.0,"painting, debate, recitation, athletics",software development engineer,it secrtor,7.0,25.0,no,3 -  7  lakhs,Retired,5.0,3,2,3,4,2,4
152,18 - 20,m,techno international,b tech.,,95.0,physics ,,75.0,,,1.0,no,artificial intelligence,corporate/private sector,4.0,23.0,maybe,3 -  7  lakhs,Business,20.0,4,3,4,5,3,2
153,22 - 25,m,adamas university,b.sc / bs,pharmacology,85.0,mathematics,92.0,85.0,,,9.0,karate,pharmacist,government/public sector,11.0,26.0,no,7 - 10 lakhs,Government Job,15.0,4,2,5,3,4,5
154,20 - 22,m,st xaviers college (autonomous),b.sc / bs,physics,95.0,geography,100.0,95.0,mathematics,100.0,8.0,classical music ( singing),professor,government/public sector,,30.0,maybe,3 -  7  lakhs,Other,0.5,3,2,4,4,1,5
155,20 - 22,m,scottish church college,b.sc / bs,physics,95.0,physics,88.0,85.0,physics,93.0,8.0,"music, combat sports.",researcher,academia/education,5.5,30.0,no,3 -  7  lakhs,Government Job,1.5,2,1,3,4,1,5
156,20 - 22,m,ipgmer,bpt,physiotherapy,95.0,science,97.0,95.0,physics,85.0,9.0,sports,entrepreneurship,government/public sector,20.0,28.0,no,3 -  7  lakhs,Teaching,20.0,5,1,5,1,1,5
157,18 - 20,f,sister nivedita university,ba,political science,95.0,socialscience,94.0,85.0,politicalscience,87.0,7.0,not right now ,entrepreneurship,corporate/private sector,2.0,0.0,yes,3 -  7  lakhs,Business,,4,5,5,5,5,4
158,18 - 20,f,gokhale memorial girls college,ba,political science,75.0,science ,,65.0,,,6.0,singing ,entrepreneurship,government/public sector,0.5,21.0,yes,below 3 lakhs,Business,0.5,4,1,1,1,2,3
159,20 - 22,m,jadavpur university,b tech.,printing engineering,95.0,maths,99.0,85.0,maths,98.0,8.0,"yes founder of pits ju, core member of finclub ju ",engineering,it secrtor,20.0,25.0,no,7 - 10 lakhs,Government Job,10.0,1,3,3,3,3,4
160,18 - 20,f,st xaviers university,ba,psychology,85.0,maths,82.0,85.0,psychology,94.0,7.0,fashion walk,psychologist,corporate/private sector,8.0,23.5,no,10 - 12 lakhs,Business,1.0,3,2,2,1,2,4
161,20 - 22,f,sister nivedita university,msc / ms,psychology,65.0,maths,60.0,65.0,accounts,65.0,7.0,no,chartered accountant,it secrtor,0.5,27.0,maybe,3 -  7  lakhs,Business,10.0,3,1,1,4,3,5
162,18 - 20,f,st xaviers university,ba,psychology,85.0,history,94.0,95.0,history,96.0,7.0,"dance , writing ",human resource,corporate/private sector,8.0,25.0,no,10 - 12 lakhs,Teaching,,3,1,1,2,1,5
163,20 - 22,m,surendranath college,b.sc / bs,statistics,95.0,mathematics,97.0,95.0,mathematics,97.0,6.0,some times ,researcher,government/public sector,13.5,26.0,yes,below 3 lakhs,Unknown,1.0,1,5,5,1,2,5
164,18 - 20,f,asutosh college,b.sc / bs,statistics,85.0,mathematics,98.0,85.0,mathematics,86.0,6.0,dance,chartered accountant,undecided,8.0,25.0,maybe,3 -  7  lakhs,Business,2.5,5,2,4,3,1,4
165,20 - 22,m,sister nivedita university,b.sc / bs,statistics,95.0,mathematics,98.0,95.0,mathematics,95.0,9.0,football volleyball karate,researcher,corporate/private sector,15.0,25.0,no,7 - 10 lakhs,Business,6.0,1,4,5,4,2,5
166,20 - 22,m,maulana azad college,b.sc / bs,statistics,95.0,mathematics,97.0,95.0,mathematics,99.0,8.0,,researcher,government/public sector,9.0,28.0,no,7 - 10 lakhs,Private Job,,4,4,4,4,4,4
167,20 - 22,m,surendranath college,msc / ms,statistics,75.0,mathematics,90.0,85.0,mathematics,84.0,8.0,no,undecided,government/public sector,15.0,26.0,yes,below 3 lakhs,Private Job,0.5,5,1,1,4,3,5
168,20 - 22,f,asutosh college,b.sc / bs,statistics,95.0,mathematics,100.0,95.0,mathematics,96.0,8.0,dance,statistician statistics related fields,corporate/private sector,8.5,24.0,no,10 - 12 lakhs,Business,2.0,4,1,2,1,1,5
170,20 - 22,m,vivekananda college,b.sc / bs,statistics,95.0,mathematics,88.0,85.0,mathematics,80.0,6.0,,data analyst,sports sector,4.5,30.0,no,7 - 10 lakhs,Health Sector,10.0,4,2,1,1,1,3
172,18 - 20,f,asutosh college,b.sc / bs,statistics,95.0,maths,90.0,85.0,maths,80.0,7.0,painting,data analyst,corporate/private sector,,25.0,maybe,3 -  7  lakhs,Business,,3,1,2,1,4,4
173,20 - 22,m,sister nivedita university,b.sc / bs,statistics,85.0,maths,95.0,85.0,maths,86.0,7.0,"yes , working in and ngo",data analyst,it secrtor,6.0,26.0,yes,12 - 15 lakhs,Business,15.0,1,2,5,4,5,1
174,20 - 22,f,sister nivedita university,b.sc / bs,statistics,85.0,mathematics,91.0,85.0,mathematics,85.0,6.0,dance ,data analyst,it secrtor,5.5,29.0,maybe,3 -  7  lakhs,Business,5.5,5,1,5,3,2,4
175,20 - 22,f,maulana azad college,b.sc / bs,statistics,95.0,mathematics,92.0,95.0,mathematics,97.0,7.0,art,data analyst,government/public sector,10.0,25.0,maybe,3 -  7  lakhs,Government Job,,5,1,5,1,1,5
177,20 - 22,f,surendranath college,b.sc / bs,statistics,95.0,mathematics ,,95.0,,,8.0,gaming ,data analyst,it secrtor,3.5,30.0,maybe,below 3 lakhs,Homemaker,2.5,3,3,4,4,4,5
178,20 - 22,m,maulana azad college,b.sc / bs,statistics,95.0,mathematics,95.0,95.0,statistics,95.0,9.0,recitation ,chartered accountant,government/public sector,7.5,30.0,maybe,below 3 lakhs,Business,2.0,4,4,5,2,1,4
179,20 - 22,m,sister nivedita university,b.sc / bs,statistics,85.0,marks,95.0,75.0,maths,92.0,6.0,quiz,analysts,corporate/private sector,4.5,35.0,no,3 -  7  lakhs,Private Job,2.0,4,3,2,4,5,3
180,20 - 22,f,sister nivedita university,b.sc / bs,statistics,85.0,geography,92.0,85.0,geography,89.0,8.0,playing instrument (specifically guitar) and drawing.,undecided,it secrtor,11.0,27.0,maybe,7 - 10 lakhs,Private Job,10.0,4,3,3,3,3,4
181,18 - 20,f,sister nivedita university,b.sc / bs,statistics,85.0,english,93.0,75.0,english,90.0,0.0,no,entrepreneurship,government/public sector,11.0,25.5,yes,3 -  7  lakhs,Government Job,7.5,3,1,1,1,2,4
182,20 - 22,m,ramakrishna mission residential college,b.sc / bs,statistics,85.0,mathematics,98.0,95.0,statistics,100.0,9.0,photography ,chartered accountant,corporate/private sector,15.0,28.0,yes,12 - 15 lakhs,Teaching,20.0,5,3,3,3,3,3
183,20 - 22,m,vivekananda college,b.sc / bs,statistics,95.0,history,99.0,95.0,mathematics,96.0,7.0,singing ,undecided,it secrtor,13.5,25.0,no,15 lakhs above,Finance,10.0,3,3,4,2,2,4
184,18 - 20,f,surendranath college,b.sc / bs,statistics,85.0,mathematics,97.0,95.0,english,96.0,7.0,yes,data analysis,government/public sector,12.0,25.0,maybe,3 -  7  lakhs,Private Job,1.5,5,4,5,5,5,5
185,20 - 22,m,ramakrishna mission residential college,b.sc / bs,statistics,95.0,mathematics,96.0,95.0,mathematics,95.0,10.0,playing sitar,statistician,academia/education,17.0,28.0,no,7 - 10 lakhs,Government Job,4.0,4,1,3,2,1,5
186,18 - 20,f,st xaviers college (autonomous),b.sc / bs,statistics,95.0,maths,100.0,95.0,stats,100.0,9.0,"yes, playing guitar ",researcher,it secrtor,8.0,25.0,no,12 - 15 lakhs,Business,8.0,5,3,5,3,2,4
187,18 - 20,f,sister nivedita university,b.sc / bs,statistics,95.0,mathematics,95.0,85.0,mathematics,90.0,0.0,"yes , dance ",researcher,it secrtor,2.4,25.0,no,below 3 lakhs,Business,5.0,3,1,2,5,5,5
188,18 - 20,f,sister nivedita university,b.sc / bs,statistics,85.0,mathematics,85.0,75.0,mathematics,70.0,0.0,,chartered accountant,corporate/private sector,4.0,30.0,no,3 -  7  lakhs,Private Job,4.0,5,4,5,3,3,5
189,18 - 20,f,asutosh college,b.sc / bs,statistics,85.0,lifescience,85.0,85.0,english,91.0,6.0,no,researcher,it secrtor,,24.0,yes,3 -  7  lakhs,Other,1.0,3,2,2,3,2,2
190,18 - 20,m,surendranath college,b.sc / bs,statistics,85.0,mathematics,95.0,85.0,mathematics,85.0,6.0,,consultant analyst,corporate/private sector,8.0,30.0,no,10 - 12 lakhs,Teaching,3.0,1,2,4,5,3,5
191,18 - 20,m,indian association for the cultivation of science,bsms,undecided,95.0,science,96.0,95.0,physics,86.0,0.0,badminton,cosmologist,academia/education,,30.0,no,12 - 15 lakhs,Government Job,20.0,1,1,5,1,1,5
